Name,Address
Jeffrey Becker,"54530 Chad Camp Suite 761
Jonburgh, AZ 71613"
Larry Johnson,"8611 Jeffrey Trace Suite 798
West Danaton, MT 56254"
Jonathan Larson,"72532 Baker Port Suite 802
West Micheleton, MN 04814"
Kenneth White,"943 Wells Trail
Port Nathaniel, AL 78658"
Jeremy Stewart,"94015 Hill Gardens
West Phyllisside, MO 22944"
Christine Ward,"39018 Stephen Stravenue
Brianland, MN 55510"
Michele Kelly,"421 Henderson Roads Suite 821
Susanberg, OR 65299"
Cassandra Wang,"94402 Weiss Way Apt. 040
Lake Robertville, MS 82036"
Christine Valencia,"35185 Robert Cape Apt. 291
Lake Brandystad, NY 49075"
James Smith MD,"85645 Meyers Canyon
South Michael, WI 02958"
Kathleen Bradley,"7560 Brian Motorway
Johnshire, NV 89228"
Ryan Pineda,"USCGC Warren
FPO AA 52990"
Lisa Mueller,"1549 Joel Parkway Apt. 496
Lake Jasmine, MN 56656"
Kathy Mahoney,"3023 Tyler Burg
Smithside, MD 35148"
Mary Mcgrath,"206 Monica Crescent Apt. 613
Salasmouth, MA 08057"
Patrick Gould,"90598 Jessica Village Apt. 372
Brendafort, MA 83746"
Robert Cross,"618 Sandra Isle Apt. 891
Vanessatown, LA 19566"
Frank Carson,"3271 Katherine Springs Suite 383
South Andrew, OH 29348"
David Adams,"1167 Gonzalez Ports
East Yvonne, MS 89368"
Devin James,"7727 Ferguson Throughway
Haroldbury, MN 93738"
Kyle Morgan,"311 Williams Freeway
Longtown, OH 16988"
Stacey Rollins,"2620 Travis Pine Apt. 442
Crystalburgh, ME 14572"
Kimberly Nguyen,"PSC 6360, Box 0759
APO AA 52716"
Aimee Gomez,"53653 Diane Canyon Apt. 418
South Peter, MT 05131"
Lisa Johnston,"60815 Williams Stream Suite 831
Hutchinsonchester, IA 48886"
Heather Barron,"2979 Oscar View Suite 767
Rachelland, AR 17720"
Sarah Frey,"9728 Anthony Crest Apt. 990
North Charles, LA 53531"
Allison Diaz,"1459 Molina Orchard
West Shawnbury, AK 79643"
Jeffrey Lee,"1379 Jacob Loop
Port Kevinstad, GA 40018"
Jeffery Edwards,"601 Contreras Spurs Suite 392
Robertsonland, NJ 40568"
Chelsea Smith,"297 Maria Run Suite 503
West Kaitlin, OH 95649"
Cindy Lee MD,"373 Martin Stream
New Amanda, TX 40801"
Michelle Owen,"5553 Barbara Gateway Suite 643
New Travis, VA 52819"
Robert Sutton,"35624 Davis Summit
Stephanieport, AZ 00799"
Michael Patterson,"88951 Carl Ways Suite 152
Smithport, KS 54755"
Melissa Stewart,"70708 Robert Ford Apt. 920
Amybury, CA 04197"
Steven Price,"5246 Jimenez Drive Apt. 922
Aguilartown, CT 10688"
Robin Mendez,"675 Vargas Corners
West Kristen, CT 57971"
Daniel Cruz,"1337 Andrew Turnpike
Lake Manuelview, PA 70767"
John Smith,"57750 Amber Rest
New Tiffany, CA 00667"
Kimberly Hall,"84731 Jennifer Point Suite 120
Heathershire, NJ 57837"
Charles Crawford,"USNV Hamilton
FPO AA 85661"
Robin Gardner,"83730 Morrison Shore
Petersenborough, LA 82181"
Douglas Stewart,"692 Stephen Neck Suite 811
North Jennifer, WY 05800"
Troy Mccormick,"638 Franklin Overpass
Markport, NH 04372"
Mr. Devin Henry,"920 Williams Vista
South Davidberg, NE 89023"
Cheyenne Rodriguez,"17324 Donald Place
South Kevin, ME 02831"
Jennifer Chambers,"128 Allison Mount Suite 743
Houseland, ND 73331"
Michael Ray,"47068 Wilson Union Apt. 771
East Paulaberg, NY 47673"
Steven Kramer,"54411 Frank Corners
West Alex, ME 95805"
Anthony Hunt,"542 Cox Village Suite 985
Jacquelinetown, NV 42474"
Dustin Evans,"96012 Erica Plains
Marissabury, KY 81743"
Mr. James Williams,"6425 Davis Ridges
Garnertown, MO 28838"
Eric Taylor,"867 Perkins Tunnel
Chapmanshire, OR 81411"
Jessica Anderson,"292 Brenda Village
Gwendolynmouth, KS 77208"
Joseph Brown,"86989 Jones Pines
South Brenda, SC 30556"
Cynthia Snyder,"8736 Gates Groves Suite 221
South Ericahaven, MN 04432"
Katrina Carpenter,"368 Baird Ridges Suite 130
New Kennethhaven, AZ 16453"
Mrs. Paula Huffman,"0994 Justin Island Apt. 970
Annefort, MS 33003"
Sabrina Reyes,"104 Nelson Landing
North Jamie, IL 93163"
Dr. Joseph Schmidt,"5320 Lawson Parkway Apt. 237
Natalieville, HI 62438"
James Moore,"673 Sara Row
Brownville, NV 94306"
Michael Faulkner,"2457 Tina Prairie Suite 116
West Brian, NV 48409"
Ashley Franklin,"252 Rivera Harbors
West Grace, DC 69699"
Cynthia Lewis,"617 Olivia Curve Suite 810
New Jessica, RI 48969"
Anthony Cruz,"360 Adams Avenue
Crystaltown, OK 47158"
Danielle Green,"04734 Willie Brook Suite 553
Port Kathleen, DC 40836"
Cynthia Gonzalez,"075 Lyons Fort
Raymondmouth, RI 02595"
Ronald Chavez,"USS Stephenson
FPO AE 07989"
Jeffrey Meyer,"7099 Dennis Vista Apt. 314
Lopezville, ND 93964"
Colleen Everett,"5094 Young Mountains Suite 879
Johnbury, PA 62223"
Tricia Klein,"190 Angela Club
Lake Kimberly, OK 72848"
Regina Cardenas,"884 Torres Walk Suite 219
Johnnymouth, WV 82049"
Michelle Miller,"8004 Lindsay Greens Apt. 329
South Jeffrey, IN 01007"
Nicole Mills,"Unit 8426 Box 2581
DPO AE 41335"
Kristin Howard,"8578 Yvonne Court Apt. 428
New Troyfurt, GA 77075"
Carol Carr,"7665 Gerald Isle Apt. 627
Bennettland, NH 17135"
Stephen Miller,"4721 Graves River
Port Austinhaven, MA 29618"
Denise Soto,"33634 Douglas Dam Apt. 321
Lawrencemouth, NH 16209"
Brittney Montgomery,"79576 Rebecca Road
Coxmouth, CT 37865"
Melissa Jones,"079 Jacqueline Roads Apt. 067
North Daltonberg, CT 82024"
Robin Osborne,"Unit 2143 Box 0082
DPO AP 11281"
Dennis Nelson,"4730 Darren Haven
Lake Peter, ND 32348"
Angelica Yoder,"3345 Jacqueline Prairie Suite 539
West Shawn, MS 71015"
Jennifer Harris,"73588 Garcia Flat Apt. 477
Rhondaville, ND 74063"
Christopher Taylor,"342 Delgado Creek Suite 102
Jackstad, OK 87085"
Kristi Garner,"0671 Lopez Brook Apt. 243
North Hunter, WY 26859"
Tina Thomas,"7617 Chelsea Unions
Angelamouth, NE 06993"
Michael Frank,"1675 Adam Street Apt. 845
Lake Vincentville, FL 77158"
Kenneth Singleton,"421 Patton River
East Anthonyville, PA 60350"
Denise Olson,"966 Harris Falls
New Gabrielleberg, NV 35020"
Mariah Evans DVM,"985 Kelly Islands
North Lisamouth, MN 35369"
Maria Rojas,"30692 Charles Canyon
South Laura, ND 96587"
Paul Snyder DVM,"792 Haley Garden
Underwoodbury, CO 23437"
Jorge Owens,"653 Jackson Walks Suite 600
Sharimouth, CT 52401"
Jessica Cummings,"689 Sullivan Club Suite 773
Tonyview, MD 41009"
Jennifer Decker,"PSC 7192, Box 6007
APO AE 15378"
Christina Cochran,"906 Ruth Circle
Reeseborough, OH 50932"
Alicia Leonard,"PSC 3303, Box 2919
APO AE 94165"
Jerry Graves,"12535 Martin Divide Suite 512
Jerrybury, TX 76302"
Frank Simmons,"173 Evans Ridge
South Rickyburgh, AK 13173"
Bradley Lowe,"638 Kelly Gateway Apt. 219
Youngmouth, NE 02283"
Susan Richards,"456 Michael Parkways Suite 992
Lake Amandamouth, AZ 15844"
Angelica Rivas,"45553 Daniels Burg Suite 691
New Madelineberg, MO 65496"
Michelle Scott,"2473 Morales Lake
North Gabrielside, MN 94262"
Patricia Estrada,"22741 Bennett Loop
Janemouth, ND 76605"
Kelly Morris,"8943 Barton Loaf Apt. 386
Greeneport, OR 02856"
Adriana Dodson,"USNV Daniel
FPO AE 99305"
Amanda Cohen,"2779 Brandon Cliff Apt. 725
Port Sabrina, UT 57459"
Stephen White,"9961 King Port
Edwardsside, SD 99185"
Tiffany Graves,"5930 Clark Station
Torresstad, OK 57757"
Jerry Reynolds,"9764 Antonio Corners Apt. 768
Shellyside, VT 33674"
Jason Murphy,"26600 Williams Rest Apt. 936
East Alantown, FL 29537"
Audrey Moore,"375 Brooks Spur Apt. 974
Alexandramouth, UT 25536"
Courtney Marquez,"464 Rebecca Street
West Kelseyfort, MO 68535"
Crystal Nelson,"873 Jennifer Circle
Port Stephenland, NH 20253"
Timothy Crawford,"334 Debra Lodge Apt. 543
Vancefort, PA 27672"
Douglas Vega,"177 Smith Overpass Apt. 496
Clarkland, NE 23543"
Laurie Flores,"34027 Burnett Fall Suite 891
North Denise, AK 10554"
James Lawson,"7020 Michael Motorway
North David, MI 55039"
Teresa Scott,"734 Thornton Rapid Suite 897
Kimborough, NH 76382"
Martha Phillips,"210 Robert Oval Suite 834
Dianastad, IN 43355"
Brooke Cortez,"75387 Simpson Pass Apt. 803
Rebeccastad, NV 78383"
Sharon Martinez,"701 Brown Stream
West Jerryborough, NJ 31426"
Richard Bates,"75704 Coleman Stream Suite 036
East Lisafurt, DE 35784"
Michelle Palmer,"PSC 0003, Box 0475
APO AA 97105"
Megan Gordon,"3875 Joy Parkways
East Lisa, WI 92825"
Ian Blevins,"8159 Schneider Stravenue Suite 758
New Carlafurt, IN 98040"
Terry Marshall,"9422 Juan Pike Apt. 550
New Samantha, WA 41417"
Sherry Williams,"479 Hines Parkway
Smithport, MO 08439"
Matthew Pruitt,"7644 Guzman Port Apt. 805
Jasonchester, WA 75521"
Victor Thomas,"USS Benson
FPO AA 06332"
Stephanie Day,"PSC 4954, Box 4076
APO AP 57501"
Benjamin Ramirez,"16929 Torres Cape Apt. 430
East Dylanshire, AK 13101"
Rebecca Herman,"479 Caitlyn Common
Emmaburgh, VA 69565"
Sara Bryant,"69453 Martin Points Suite 030
Batesbury, IN 48116"
Carl Washington,"17109 Duncan Throughway
South Jasonview, MA 35632"
Juan Allen,"6432 Emily Ville
Lake Gordon, NE 18692"
Timothy Garrison,"910 Marsh Vista
Lake Benjamin, ND 64699"
Monica Nguyen,"28036 Moreno Glen Apt. 550
Port Stephenfurt, NH 73081"
Beverly Chambers,"2767 Phillips Plaza
Jacquelineberg, AK 53896"
Denise Mercado,"676 Wu Harbor
Robertsfort, GA 18914"
Brianna Moore,"11067 Bentley Roads
Lake Anthony, AR 93918"
Gregory Summers,"949 Wilkinson Brooks Apt. 011
North Keithborough, AZ 34085"
Stephanie Hicks,"23912 Kennedy Springs Suite 474
Williamsside, IN 60038"
Ashley Li,"2284 Brianna Knoll Apt. 220
West Aprilmouth, CT 37570"
James Miller,"07821 Fowler Viaduct
Hancockbury, IA 51475"
Daniel Baker,"5162 Cross Rapid Apt. 886
Bennettville, WI 37279"
Shannon Williams,"22902 Jacob Lodge Suite 800
Charlesfort, NY 88659"
Gail Glover,"3829 Robles Lodge
Weisstown, MT 66831"
Alexa Villanueva,"58195 Morse Light
Hollandhaven, WY 65503"
Johnny Moyer,"Unit 9363 Box 2164
DPO AA 51066"
Kirk Alexander,"9079 Jennings Pass Suite 066
Port Michelle, CT 60791"
Katherine Newton,"3317 Stanley Cliff Suite 741
Rogerfurt, LA 61313"
Philip Jones,"61669 Hunter Shore
Port Karaville, HI 72746"
Kevin Frazier,"4720 Brown Plaza
Coreyfort, TX 59562"
Daniel Montoya,"20565 Kimberly Islands
Whitemouth, WV 83536"
Leah Medina,"79970 Johnson Estates Suite 504
New Sarahburgh, SC 98255"
Brittany Moran,"97863 Mitchell Dam Suite 077
North Jessica, NY 87797"
Anne Richmond,"483 Alicia Groves Apt. 577
Danamouth, AL 03981"
Alexander Gonzales,"608 Jordan Course Apt. 479
North Kirsten, CA 75612"
Mr. Robert Taylor,"856 Marie Port
Matthewbury, NC 09865"
James Anderson,"207 Lisa Spur Suite 647
Griffinton, WV 44914"
Tracy Quinn,"03450 Webb Land Suite 166
Davisport, AK 29957"
Nichole Brown,"5641 Smith Camp
Brandonborough, NM 22915"
Lindsey Campbell,"60245 Andrew Forest Suite 501
New Michelle, SC 25414"
Charlotte Pitts,"6893 Moore Divide Apt. 233
Daviestown, KS 78820"
Amy Gallegos,"7208 Susan Plaza
Davilafurt, AL 92600"
Veronica Pena,"686 Shari Corner Apt. 907
Sarahborough, MA 15419"
Stefanie Evans,"5582 Rachel Ports
Port Kellyfort, RI 33803"
Katherine Leon,"12787 White Knolls Apt. 565
Lake Elizabeth, MI 67812"
Patricia Edwards,"PSC 5773, Box 4370
APO AE 33280"
Jessica Scott,"64094 Ayers Locks
Nicholasborough, ID 13846"
Darlene Hull,"04226 Mann Points Apt. 392
Martinezton, AZ 59809"
Scott Collins,"PSC 5497, Box 7007
APO AP 40707"
Charles Fox,"8955 Morris Points
Andersonhaven, MA 18322"
David Hayes,"055 Tara Point Suite 142
Tapiastad, GA 47676"
Keith Chen,"55536 Jason Circle
Whiteburgh, ND 39792"
Jacob Shields,"892 Miller Heights Suite 456
North Amy, HI 13596"
Linda Davis,"9095 Powell Forest Apt. 098
East Brittany, KY 83559"
Charles Carroll,"39041 Karen Crescent Suite 585
Port Nicholasland, PA 04662"
Donald Davis,"6923 Ellen Meadows
Douglastown, NH 94305"
Brandon Ballard,"7471 Sims Falls Apt. 364
Malloryton, CA 78481"
Jermaine Hoover,"USCGC Pacheco
FPO AP 34944"
Tracey Casey,"0287 Ashley Center
Julieport, ID 80577"
Ryan Russo,"412 Ann Plaza Suite 817
Lake Virginia, WV 23555"
Erin Thompson,"76564 Chen Stream
West Amy, SC 12610"
Emily Hernandez,"6088 Carl River Apt. 730
Perezchester, ND 37670"
Sarah Miller,"207 Wall Stream Suite 502
East Jon, NH 22085"
Alexander Davis,"102 Meyer Knolls
Morenoview, MA 84536"
Matthew Salas,"5825 Ward Villages
Dianaside, NM 10515"
Kevin Sanders,"61235 Huynh Ridge
North Kevinmouth, MA 72332"
Lucas Ross,"2054 Hector Crossing
Port Carolynhaven, WV 59904"
Tracy Rodriguez,"2397 Arnold Lodge Apt. 665
East Autumnfort, NM 13032"
Kristina Peterson,"616 Butler Landing Apt. 166
New Coreybury, WY 09383"
Vicki Martin,"2781 Lynch Mission Suite 847
Jerrytown, KS 63861"
Ronald Kelly,"9293 Vargas Knolls Apt. 825
North Jeffreyshire, AK 11453"
Donna Stafford,"8645 Lopez Shore Suite 385
West Michael, AK 75411"
Edward Williams,"2702 Jake Meadow Apt. 427
New Jonathanmouth, SC 70721"
Jennifer Smith,"166 Jesse Union
North Nathaniel, CT 42073"
Steven Trujillo,"433 Adams Divide Suite 779
North Jill, TN 68538"
Scott Rivera,"USS Rhodes
FPO AE 89469"
Luis Allen,"36899 Smith Viaduct Apt. 200
Frankland, PA 20976"
Heather Russell,"PSC 8118, Box 7028
APO AP 12108"
Isaac Stevenson,"1722 Moody Ports Apt. 560
Port Richardburgh, WY 06271"
Kaitlyn Roberts,"5346 Victoria Cliffs
South Anthony, ME 60971"
Ronald Miller,"98165 Ernest Island
New Kenneth, NV 96538"
Hannah Kennedy,"49972 Rogers Grove Suite 451
West Denise, MI 47212"
Susan Taylor,"PSC 2691, Box 8213
APO AP 59134"
Donald Santiago,"46881 Smith Underpass Suite 239
Port Leonburgh, SC 63984"
Catherine Gardner,"PSC 8290, Box 4154
APO AA 97327"
Amanda Myers,"86955 Amy Village
Port Priscilla, NV 83437"
Carlos Beard,"4744 Zachary Heights
East Priscilla, MA 41087"
Christopher Smith,"37258 Christopher Ways Suite 375
Williamsmouth, CT 42484"
Paul Lewis,"624 Michael River
North Sheila, MD 56382"
Thomas Snyder,"16737 Robinson Trail
Nicholasland, SD 33464"
Mary Bridges,"837 Dodson Inlet Apt. 356
New Erikaton, OH 91420"
Michelle Snyder,"554 Wright Canyon Apt. 110
Rachelbury, AK 54387"
Terri Blair,"Unit 4651 Box 9892
DPO AA 80314"
Natalie Levine,"460 Bailey Garden
Deborahside, OR 67896"
Chad Brown,"1788 Jessica Square
Jenniferhaven, MT 14872"
Debra Flowers,"PSC 5143, Box 6889
APO AP 16727"
Gabriel Flynn,"51759 Armstrong Freeway Suite 099
South April, FL 94858"
Denise English,"17085 Peterson Common Apt. 099
Mariashire, KS 55680"
Rachel Pittman,"40706 Morris Camp Apt. 956
Lorimouth, OK 42751"
Alicia Robinson,"7824 Jason Centers Suite 251
Mitchellborough, WY 06930"
Bryan Watson,"779 Sydney Lake
Lake Dustinton, ME 14235"
Daniel Prince,"9725 Wilson Coves Suite 057
Jasmineland, WA 08195"
Michael Morgan,"702 Leslie Field
Cunninghamberg, ME 62823"
Erika Randolph,"27932 Anthony Forge Suite 135
Cummingsville, AZ 98951"
Tina Wilson,"0001 Christina Burgs
Josephfort, TX 48268"
James Paul,"10852 Andrews Circle Apt. 922
Rachelfort, KY 02841"
Natalie Bell,"268 Nelson Run Apt. 702
East Andrewville, NC 76793"
Miranda Walker,"4125 Crystal Bypass
New Maria, RI 64078"
Amy Smith,"440 Kemp Mews
New Sierra, NY 46907"
Hannah Mcconnell,"70884 Ronald Loaf
Mayoport, NH 98209"
Adrian Hill,"217 Stephanie Prairie
Cruzshire, UT 22864"
Larry Johnson,"6730 Brian Station Suite 850
Matthewchester, MA 10765"
Patrick Kelly,"3155 Kimberly Pass
Port Codyburgh, TN 96259"
Kimberly Gibson,"17345 Scott Trail
West John, AK 35301"
Dr. Andrew Sanders Jr.,"088 Gloria Manor Apt. 804
Jeffreytown, AK 92997"
Nancy Chen,"Unit 4249 Box 9473
DPO AE 89907"
Gregory Schaefer,"534 Kelly Park
East Jessicastad, GA 21475"
Patricia Johnson,"4162 Mary Lake
South Michele, MN 25650"
Shelly Davis,"06317 Phillips Park Apt. 511
Davisland, KS 45072"
Linda Jones,"525 Davidson Spurs
Williamsbury, RI 10325"
Stephen Anderson,"2358 James Groves
Lake Dana, ME 44805"
Mark Patterson,"0230 Bradley Course Apt. 860
Matthewbury, MT 23396"
Catherine Carr,"1903 Espinoza Green
Michelleborough, NM 95379"
Katrina Sanchez,"8802 Amanda Estate
Randyview, FL 36011"
Stephanie Taylor,"658 Michael Route Suite 616
East Julie, RI 91056"
Danielle Smith,"USS Ortega
FPO AP 96782"
Nicholas Newman,"3254 Deleon Ferry Suite 583
Stevenmouth, DE 99486"
Chase Elliott,"99046 Nathan Burgs Suite 960
Changborough, AL 65014"
Caroline Baldwin,"42213 Alexander Gardens
North Johntown, AR 10088"
Katelyn Good,"PSC 2131, Box 6627
APO AA 40756"
Grant Lopez,"6430 Scott Lakes
Kimmouth, UT 55791"
Shawn Hardin,"148 Carson Passage Apt. 729
Port Patrick, NH 95250"
Daniel Duke,"244 Garrett Glens Apt. 009
New Amber, NE 09102"
Isaiah Morris,"6700 Raymond Station
Bushside, WA 66028"
Timothy Evans,"9692 Hall Glens Suite 530
South Lisa, TN 16490"
Richard Duncan,"54060 Tina Spring Apt. 106
North Robert, AZ 78104"
Teresa Brown,"357 Lisa Plaza
Millerborough, AL 28492"
Jessica Pierce,"10500 Peter Walk
West Katiehaven, SC 43552"
Christine Phillips,"2214 Stone Mission Suite 306
West Rhonda, VA 54108"
Dawn Schaefer,"86282 Bates Light
North Joshua, IA 62536"
Tracey Garza,"044 Gentry Highway Suite 024
Lake Tamara, MI 81246"
Tina King,"346 Stout Plain
Joshuabury, IN 94555"
John Nguyen,"9042 Kelly Wells
Nicholsonmouth, AK 31142"
Ashley Navarro,"Unit 0146 Box 6195
DPO AE 99628"
Jerry Fleming,"USS Walker
FPO AE 81937"
Nicole Fischer,"4858 Burke Passage Suite 718
South Kyle, NH 73721"
Julia Alexander,"09969 Little Lodge Suite 893
Rodriguezmouth, AR 71679"
Christopher Owens,"275 Hamilton Lock
Zacharyborough, NH 12741"
Tyler Kirby,"253 Eric Route Apt. 534
Riverashire, VA 20824"
Joshua Holmes,"Unit 2375 Box 6224
DPO AE 95203"
Pedro Lindsey,"71804 David Mills
North Davetown, NM 03559"
Andrew Vasquez,"916 Thomas Branch
Stephanietown, AR 03134"
Dr. Ricky Gillespie,"047 White Hollow
Timothyborough, ND 59013"
Shawn Patton,"26949 Ware Inlet
Reedborough, OH 99370"
Jasmine Farmer,"2063 John Extension
Bryanshire, MS 63763"
Andrea Diaz,"2453 Leslie Groves Apt. 647
South Markville, OR 05917"
Brian Vaughn,"6446 Hill Harbor Apt. 143
Warnermouth, NV 08371"
Timothy Russo,"33982 Jack Trail Apt. 578
West Amanda, MT 55847"
Emily Roy,"37115 William Freeway
Jessicabury, ME 09836"
Frank Trevino,"829 John Cape Suite 504
New Kelly, SC 21446"
Karen Owen,"217 Teresa Pike Suite 559
Lake Emilyside, AZ 76902"
Dennis George,"373 Jeffrey Common
Kathleenstad, VA 25957"
Mrs. Stacy Nguyen DDS,"USCGC Powell
FPO AA 89207"
Gary Hayes,"6628 Dorsey Port Suite 573
Josephland, ME 56718"
Curtis Hunter,"1093 Sarah River
Lake Kelseyton, FL 85136"
John Sparks,"8310 Morris Branch
New Courtneystad, VT 48390"
Angela Wilson,"254 Aaron Plains Suite 764
Howardtown, ND 13106"
Denise Dickson,"36712 Jerry Turnpike Suite 820
Samuelport, SC 71164"
Theresa Baker,"825 Sonia Trafficway
Jonathanton, NM 64533"
Teresa Jefferson,"Unit 3097 Box 7595
DPO AP 44673"
Andrea Washington,"2149 Henson Shores Suite 489
Jennifermouth, WY 04327"
Elizabeth Reyes,"16114 Matthew Terrace Apt. 259
Ericmouth, CT 24466"
Bryan Sanchez,"25284 Hunt Throughway Suite 988
Cunninghamview, AZ 65096"
Jeffrey Thomas,"USNV Odonnell
FPO AP 05261"
Nicole May,"9814 Bruce Extension
South Kayleetown, WV 02355"
Stephanie Little,"2507 Brian Haven
Gregoryfurt, IL 56891"
Christopher Harris,"USNV Avila
FPO AA 72573"
April Malone,"USNS Suarez
FPO AA 06176"
Samantha Turner,"465 Leslie Square Suite 721
East Davidhaven, RI 14687"
Pamela Fox,"7475 Walker Village
Jessicatown, MO 76185"
Linda Spencer,"4200 Donna Causeway
Lake Whitney, UT 42050"
Benjamin Coleman,"886 Owens Hill
New Huntershire, SC 70184"
Matthew West,"46684 Valentine Centers Apt. 157
New Michaeltown, ND 54201"
Rebecca Gibson,"Unit 5886 Box 7420
DPO AA 77124"
Michael Smith,"120 Lisa Estate
West Penny, MA 38081"
Linda Collins,"USNV Washington
FPO AP 37077"
Jennifer Coffey,"88411 Samantha Square Apt. 604
North Markhaven, ND 23176"
Jason Harrison,"Unit 9322 Box 0883
DPO AA 06128"
Timothy Arroyo,"PSC 8891, Box 8464
APO AA 16569"
Alexis White,"12619 Brooks Ranch
Fuentestown, NC 62483"
Tyler Lawrence,"06569 Michael Trafficway Apt. 696
North Justinland, SC 17605"
William Johnson,"35447 Jessica Union
Port Allison, CO 88593"
Robert Ayers,"5192 Cox Burgs Suite 522
Robertsonton, WI 66445"
Bradley Hooper,"931 Christopher Landing
North Christophershire, HI 06714"
Amy Moses,"5111 James Rapid Suite 203
North Davidstad, UT 54243"
Richard Nguyen,"95660 Watkins Parkways Suite 584
Christinamouth, LA 26335"
Daniel Stevenson,"2715 Yang Meadow
West Samanthaborough, AZ 67701"
Ashley Evans,"965 Justin Villages
Arroyotown, NH 33371"
Michael Morgan,"2587 Cory Cape
Lake Joshua, IL 05012"
Christopher Miller,"435 Katelyn Grove Apt. 151
Lloydville, IA 85290"
Neil Woodard,"275 Theresa Groves
Port Donna, NE 23845"
Tiffany Hicks DVM,"465 Griffith Port Apt. 464
Lake Samantha, SD 97259"
Stephen Taylor,"080 Jamie Ranch
Howardstad, AZ 43256"
Carrie Hickman,"9009 Elizabeth Square
Teresamouth, OH 02097"
Andre Young,"929 Sarah Run Apt. 981
Lake Anthonyhaven, IA 92489"
Tracy Levy,"814 Jamie Pines
New Jamesview, MT 77623"
Brooke Allen,"27521 Liu Prairie
East Robert, HI 89086"
James Lane,"375 Robert Plains
Youngside, MA 71951"
Glenn Bowers,"Unit 6624 Box 7766
DPO AE 32299"
Richard Hoover,"6268 Robert Springs Suite 863
Port Bethton, CT 26837"
Victor Sanchez,"681 Simmons Station
Port Charles, GA 44262"
Danielle Mercer,"16246 Jones Extension
Alexandershire, TN 90666"
Heather Walsh,"656 Ashley Locks Apt. 292
Ryantown, UT 05905"
Carlos Hartman,"46763 Shelly Knoll
East Bradley, NV 50563"
Veronica Wright,"1629 Tracy Mews Suite 807
Port Matthew, MN 34144"
Allison Gray,"3815 James Loaf
Hamptonburgh, MD 46211"
Philip Stewart,"8462 Deborah Center Apt. 615
Port Robertchester, NE 76995"
Tamara Miller,"USCGC Lawson
FPO AE 79180"
Timothy Bishop,"USNV Jordan
FPO AE 63413"
Ashley Griffin,"6354 Daniel Drive
Jamesland, NV 79484"
Joseph Whitney,"90309 Hanson Forest
Lake Joshua, AL 80886"
Nicole Hays,"16905 Dean Mountains Apt. 988
Jonesview, DC 16343"
Cynthia Johnson,"6513 Evans Ports Apt. 327
Ryanmouth, NM 84743"
Stephen Gates,"95436 Smith Cliff
Lake Christopherburgh, AR 08121"
Linda Perry,"824 Werner Glens
Michaelland, MD 01697"
Marissa Raymond,"5905 Rebecca Curve Suite 573
Lake Benjamin, NM 93132"
Amy Davis,"4277 Park Park
Wernerfort, NJ 56298"
Willie Nunez,"51023 Mccormick Spur
Ryanfort, IL 47545"
April Estrada,"461 Brooke Vista
New Crystal, NJ 59230"
Adam Lee,"797 Christopher Shore Suite 825
Gallagherburgh, ID 17955"
Erica Brown,"593 Charles Lakes Suite 825
East Joshuashire, WY 47027"
Robert Smith,"2705 Trevino Summit
Perezchester, CA 26032"
Joe Robinson,"Unit 9585 Box 9448
DPO AE 33623"
Joel Chambers,"22151 Garza Skyway
Michaelland, VA 62349"
Crystal Murray,"4277 Pham Alley
North Timothyview, OK 87508"
Dwayne Shepard,"459 Edward Loaf Apt. 347
West Gabriel, RI 22239"
Patricia Nelson,"15730 Eric Crescent Apt. 467
Justinport, IL 17143"
Jonathan Goodman,"42563 Alexis Tunnel Apt. 094
Port Bonnie, MD 13498"
Charles Smith,"033 Sandra Place
Manningland, OH 60225"
Darrell Bowman,"99860 James Vista Suite 719
West Ruben, HI 02697"
Darrell Gonzalez,"43360 Buck Mall
Masonbury, NY 22462"
Christopher Walters,"129 Jackson Prairie Suite 050
North Kristie, FL 36585"
Willie Reid,"161 Thomas Junction Apt. 734
South Shaneshire, OK 35830"
Audrey Smith,"22570 Christopher Hill
North George, IN 98593"
Cody Martin,"502 Miller Crossroad Suite 680
Jessicafort, SD 63604"
Laura Macias,"27614 Maddox Cliffs Apt. 346
New Caitlin, ME 62517"
Joel Cantrell,"498 Boone Plains
Raymondport, OK 55743"
Kyle George,"621 John Row Suite 896
East Dawn, NM 78797"
Jason Joseph,"862 Devin Junction Suite 190
Lake Kathy, CT 57422"
Kiara Mayo,"76728 Garrett Via
Holmeschester, WV 85578"
Scott Davila,"330 Gonzales Row Suite 970
Christopherchester, NC 09539"
Adrian Dunn,"720 Poole Points
New Justin, AL 98435"
Ryan Jefferson,"82250 Nancy Key
Gregorymouth, PA 55516"
Andre Simon,"956 Green Heights
New Alexander, IN 59444"
Rebecca Barrera,"0625 Lowery Fork Suite 533
Lake Garyhaven, AL 07208"
James Smith,"322 Beth Underpass
Brianstad, CA 12409"
Victoria Alvarado,"0711 Adrian Burg
Lake Thomas, NC 43169"
Derek Thomas,"67913 Black Causeway Suite 025
Kimberlyfurt, ID 69196"
Matthew Coleman,"978 Benjamin Corners Apt. 896
Port Michael, AK 50893"
Tammy Hawkins,"102 Brown Corner
Port Deborah, NM 28153"
Kayla Osborne,"598 Mary Creek Suite 246
North Chad, MT 64891"
Tim Garcia,"259 House Burgs Apt. 336
Simmonstown, SC 68770"
Taylor Becker,"Unit 5117 Box 8904
DPO AP 29546"
Brian Brown,"USS Obrien
FPO AE 07736"
Jesse Hayden,"Unit 7020 Box 0145
DPO AA 40113"
Jesse Boyle,"Unit 5524 Box 8022
DPO AP 75402"
Melissa Hall,"USNS Mckee
FPO AP 58043"
Benjamin Knight,"32588 Kenneth Cliffs
Lake April, CO 11330"
Michael Henderson,"3702 Natasha Harbor
Lake Jonathonchester, MI 63021"
Nicole Solomon,"5954 Derek Dale
Millerside, ND 86213"
Trevor Carroll,"389 Williams Freeway Suite 457
West Alexport, IA 29415"
Michael Garrison,"USCGC Gonzales
FPO AE 71699"
Casey Davis,"87093 Carter Fields
New Jessicaton, MA 52581"
Peter French,"083 Cheryl Flats Suite 559
East Ashley, LA 67316"
Michael Marsh,"750 Ashley Estate Apt. 354
Ambertown, MN 09314"
Blake Mason,"651 Alexander Loaf
Robertside, OH 75841"
Valerie Castro,"34510 Melanie Forges
New Cherylside, MT 63778"
Jordan Doyle,"024 Jennings Track Suite 933
Sullivanmouth, WI 25508"
Krystal Reynolds,"5280 Brandy Unions
Port Ronald, MO 64686"
Tonya Freeman,"278 Matthews Stravenue
Kellyton, MS 60398"
Daniel Ramirez,"730 Cooper Meadows Apt. 474
South Derek, AK 24524"
Mr. Samuel Pittman,"14820 Stevens Meadow Suite 843
Pinedaland, HI 47816"
Mark Carpenter,"USCGC Jones
FPO AA 78796"
Kim Ingram,"273 Eric Pines Apt. 243
South Tyler, OR 35720"
Carolyn Peterson,"USS Owens
FPO AA 08429"
Dwayne Carrillo,"816 Ashley Cove Apt. 579
Prestonborough, ID 62767"
Katrina Martinez,"USS Johnson
FPO AA 48603"
Taylor Hill,"306 Turner Glens
Andersenberg, AL 14249"
Virginia Valdez,"278 Jennifer Locks Suite 520
Port Steventon, MN 92497"
Joseph Rodriguez,"70378 Bray Keys
New Zacharyfort, AL 13885"
Craig Morris,"84474 Chambers Meadow Suite 643
Tylerfurt, OH 91579"
Chad Browning,"452 Li Orchard Suite 457
East Jamesmouth, ME 76047"
Lauren Dixon,"795 Hampton Village Apt. 392
Smithport, MS 72671"
Heather Ramirez,"19626 Kimberly Prairie Suite 047
Nashville, IL 36389"
Brian Bennett,"67870 Ferguson Burgs
Millerside, AL 29099"
Christopher Wagner,"0473 Erickson Street
Johnside, MN 42143"
Kathryn Hughes,"5674 Cox Road Suite 833
Howardside, ID 73455"
Alicia Cooper,"2140 Arthur Mews
Danielstad, NH 53332"
James Garrett,"18570 Mark Forges Apt. 360
Stephenmouth, AR 23119"
Melanie Snow,"62762 Christopher Fords Apt. 213
Manuelview, DE 89099"
Stephen Johnson,"5773 Andersen Spur Apt. 971
Millertown, CA 39116"
Timothy James,"099 Caitlin Ports
Lake Anthony, NC 42647"
Mark Mclaughlin,"393 West Views
Dennisside, IN 29745"
Justin Rivera,"33898 Samuel Port Apt. 554
Andersonside, MA 99219"
Amber Walsh,"087 Flores Mission
South Monicastad, CA 45408"
Jacob Anderson,"46145 Matthews Turnpike Apt. 180
West Angela, NH 74135"
Paula Carpenter,"Unit 9261 Box 6681
DPO AE 72656"
Heather Russell,"USNS Chang
FPO AP 62590"
Mathew Taylor,"23879 Lee Track
East Maria, OK 59241"
Melissa Ray,"74999 Denise Mountains Apt. 534
New Douglashaven, CO 98516"
Lisa Lee,"651 Lang Villages
Abigailbury, IN 67448"
Ashley Anderson,"663 Kimberly Islands
Bennetttown, MT 31521"
Michael Sutton,"61992 Kelly Knoll
West Stephanie, SC 48005"
James Duncan,"PSC 3599, Box 7858
APO AE 76514"
Raven Moore,"8436 Philip Spur
Chadstad, IA 12897"
Andrew Richardson,"5292 Sandoval Skyway
Davidton, WA 32974"
David Silva,"85336 Marcus Unions Apt. 623
Josephville, MA 06518"
Justin Myers,"Unit 7627 Box 7550
DPO AE 71275"
Jorge Russo,"29074 Garcia Way Suite 330
Maldonadoton, LA 08015"
Mary Morrow,"9058 Todd Junction Apt. 420
South Stephaniehaven, LA 03914"
Brian Hall,"1231 Christine Landing Apt. 720
East Kimberly, NV 77937"
Aaron Orozco,"93771 Richard Prairie Apt. 315
North Tracyport, IN 65035"
Amanda Silva,"14809 Laura Shores Apt. 721
East Jameschester, AL 04975"
Jeremy Anderson,"4022 Smith Circles Suite 042
Port Wyattland, MD 09033"
Haley Santos,"8378 Wilson Flat
West Mariafort, ND 17143"
Nicole Williams,"182 Reynolds Brooks
Billstad, IA 72310"
Emily King,"PSC 7818, Box 3907
APO AE 13917"
Elizabeth Oliver,"159 Payne Canyon
East David, HI 10627"
Sally Hunter,"88333 Julia Track
North Michael, LA 47756"
David Ruiz,"PSC 2375, Box 1402
APO AE 13214"
Sarah Collins,"PSC 5152, Box 4952
APO AP 68318"
Megan Keith,"52024 Yvette Locks Apt. 818
Katherinechester, NY 31601"
Scott Charles,"54130 Chapman Burg
Lake Wendyport, IA 02668"
Tasha Miles,"756 Johnny Manors Suite 303
Sarahview, MA 53973"
Martin Huffman,"459 Jerry Hollow Suite 091
West Danielmouth, VA 26012"
Marc Keith,"26417 Kevin Mountains Apt. 845
Johnsonshire, WA 25432"
Cindy May,"70786 Daniel Freeway
Joeland, FL 68652"
Lindsay Colon,"8817 Charlene Prairie Apt. 975
West Louisland, DE 08652"
Devon Walker,"552 Philip Ramp
Lake Samuel, MT 13039"
Stephanie Johnson,"252 Morris Trail
North Jessica, FL 99782"
Thomas Washington,"PSC 6784, Box 4418
APO AA 97619"
David Watts,"5011 Morton Neck
Williamsbury, HI 49926"
Donna Cook MD,"252 Anthony Loaf
Port Robert, IA 69729"
Theresa Steele,"PSC 4082, Box 3598
APO AA 09297"
Tiffany Burke,"0742 Benjamin Points Apt. 229
New Kimberlyview, MA 34758"
Ariel Holland,"9065 David Keys
Barbaraburgh, ND 91749"
Eric Jackson,"14983 Joseph Well Suite 123
Drakehaven, WV 27335"
Timothy Gardner,"737 Hernandez Court
Hinesmouth, SC 72879"
Kayla Hernandez,"0199 Todd Lodge Suite 415
Frenchchester, RI 07325"
Devin Reynolds,"037 Russo Glen Suite 180
Richardstad, MD 74195"
Christopher Klein,"063 Rachel Freeway Apt. 600
Perezbury, KS 39183"
Karen Ferguson,"662 Hall Trace
Sotoshire, WY 54878"
Robert Vang,"2709 Stephanie Shores
Virginiaview, NE 48780"
Teresa Hill,"457 Hodges Trafficway
North Robert, KS 73971"
Janice Franklin,"73198 David Vista
Clarkfurt, NY 32606"
Matthew Moore,"5329 Fuentes Lodge Suite 472
Mooreborough, AK 89691"
Jon Jordan,"9492 Teresa Walk
Rangelfort, ID 96821"
Shannon Ali,"9907 Deborah Forks Suite 568
Taylorbury, RI 16889"
Nicholas Lawson,"05448 Robert Spring Suite 590
Stephanieport, RI 61366"
Brittney Keller,"87439 Marshall Ville Apt. 052
South Julie, ND 20873"
Annette David,"271 Tyler Pines Apt. 868
North Thomas, IN 68858"
Roger Dennis,"PSC 1928, Box 9572
APO AP 35905"
Catherine Bates,"740 Erickson Lights
Kingberg, AK 14627"
Brooke Mason,"859 Isabella Ferry
North Meghan, GA 11340"
Oscar Barrett,"USCGC Jefferson
FPO AA 29519"
Beth Sanchez,"PSC 7878, Box 0536
APO AE 37353"
Rachel Ortega,"22834 Brian Fort Apt. 861
Diazside, RI 67398"
Michelle Hull,"8830 Palmer Loop
West Kristaside, GA 30087"
Diane Baker,"3699 Johnson Drive Apt. 038
Port Lauren, NC 79549"
Kelly Young,"63628 Angela Valleys Suite 093
Cooperport, OK 60008"
Sherri Davis,"475 Austin Meadows
Christophermouth, SC 60087"
Shelly Barrett,"48356 Hopkins Junction
South Monicahaven, OH 49501"
Tommy Harris,"03531 Lynn Wells Apt. 679
North Timothy, MD 77463"
Kimberly Ford,"148 Kimberly Burgs Suite 586
West Andrea, ME 40352"
